{
  "project_info": {
    "project_number": "216118638479",
    "firebase_url": "https://courseapp-885b8.firebaseio.com",
    "project_id": "courseapp-885b8",
    "storage_bucket": "courseapp-885b8.appspot.com"
  },
  "client": [
    {
      "client_info": {
        "mobilesdk_app_id": "1:216118638479:android:d1cb0092b54bfeb87cfdfa",
        "android_client_info": {
          "package_name": "com.example.courseapp"
        }
      },
      "oauth_client": [
        {
          "client_id": "216118638479-rnun80gk1fi17kngu2m3tnncgk3ovl7i.apps.googleusercontent.com",
          "client_type": 1,
          "android_info": {
            "package_name": "com.example.courseapp",
            "certificate_hash": "fa9276f066ba30f7b57e2363c357988d819de391"
          }
        },
        {
          "client_id": "216118638479-a8kvtvn1hc5e7p3idpg4a3ecqnj25jo8.apps.googleusercontent.com",
          "client_type": 1,
          "android_info": {
            "package_name": "com.example.courseapp",
            "certificate_hash": "b14bfdf6546594e2bd8b37d1a3e1dd5523d007cd"
          }
        },
        {
          "client_id": "216118638479-mekbu2151cp0g9k6rjjbev61qs1lcvue.apps.googleusercontent.com",
          "client_type": 3
        }
      ],
      "api_key": [
        {
          "current_key": "AIzaSyCyL65IsVDdgs6_-BNwbBVVGylzTxw4Ckg"
        }
      ],
      "services": {
        "appinvite_service": {
          "other_platform_oauth_client": [
            {
              "client_id": "216118638479-mekbu2151cp0g9k6rjjbev61qs1lcvue.apps.googleusercontent.com",
              "client_type": 3
            }
          ]
        }
      }
    }
  ],
  "configuration_version": "1"
}